{"name": "eeprom_backup-20210806-230316", "time": "2021-08-06 23:03:16", "version": 1, "data": {"steps": {"command": "M92", "params": {"X": 80, "Y": 80, "Z": 400, "E": "431"}}, "feedrate": {"command": "M203", "params": {"X": 500, "Y": 500, "Z": 10, "E": 50}}, "max_acceleration": {"command": "M201", "params": {"X": 500, "Y": 500, "Z": 100, "E": 5000}}, "print_acceleration": {"command": "M204", "params": {"P": 500, "R": 1000, "T": 500}}, "probe_offset": {"command": "M851", "params": {"X": -31, "Y": -10, "Z": -2.35}}, "home_offset": {"command": "M206", "params": {"X": 0, "Y": 0, "Z": 0}}, "endstop": {"command": "M666", "params": {"X": null, "Y": null, "Z": null}}, "delta": {"command": "M665", "params": {"L": null, "R": null, "H": null, "S": null, "X": null, "Y": null, "Z": null, "A": null, "B": null, "C": null}}, "linear": {"command": "M900", "params": {"K": null}}, "filament": {"command": "M200", "params": {"D": 0}}, "hotend_pid": {"command": "M301", "params": {"P": 20.71, "I": 1.52, "D": 70.39}}, "bed_pid": {"command": "M304", "params": {"P": null, "I": null, "D": null}}, "advanced": {"command": "M205", "params": {"B": 20000, "E": null, "J": 0.08, "S": 0, "T": 0, "X": null, "Y": null, "Z": null}}, "autolevel": {"command": "M420", "params": {"S": false, "Z": 0}}, "material1": {"command": "M145", "params": {"H": 195, "B": 60, "F": 255, "S": 0.0}}, "material2": {"command": "M145", "params": {"H": 240, "B": 70, "F": 255, "S": 1.0}}, "filament_change": {"command": "M603", "params": {"L": 0, "U": 100}}, "filament_runout": {"command": "M412", "params": {"D": null, "H": null, "S": true}}, "tmc_current": {"command": "M906", "params": {"E": null, "X": null, "Y": null, "Z": null}}, "tmc_hybrid": {"command": "M913", "params": {"X": null, "Y": null, "Z": null, "E": null}}}}