[{"date": "2017-05-16 10:30:00 +0000", "link": "https://github.com/OctoPrint/OctoPrint-Autoselect/releases/tag/0.2.0", "plugin": "autoselect", "text": "Version 0.2.0 of this plugin is available, but your version 0.1.0 does not yet support updating automatically. Please re-install the plugin from the repository to update. More details can be found at the \"Read more...\" link below.", "versions": ["0.1.0"]}, {"date": "2020-04-21 08:30:00 +0000", "link": "https://github.com/OllisGit/OctoPrint-DisplayLayerProgress/issues/124", "plugin": "DisplayLayerProgress", "text": "Some users are experiencing layer shifts that seem to be caused by this plugin. If this affects you, please disable it for now and follow the discussion found at the \"Read more...\" link below.", "versions": ["1.17.0", "1.18.0", "1.19.0", "1.19.1", "1.20.0"]}, {"date": "2020-05-04 13:00:00 +0000", "link": "https://github.com/tpmullan/OctoPrint-DetailedProgress/releases/tag/0.2.3", "plugin": "detailedprogress", "text": "Version 0.2.3 of this plugin is available from a new maintainer, but your version still looks for updates at the repository of the old maintainer. Please re-install the plugin from the repository to update. The release notes of the version by the new maintainer can be found at the \"Read more...\" link below.", "versions": ["0.1.0", "0.1.1", "0.1.2", "0.1.3", "0.1.4"]}, {"date": "2020-05-18 14:50:00 +0000", "link": "https://github.com/OctoPrint/plugins.octoprint.org/issues/466", "plugin": "octoprint_eta", "text": "This plugin seems to have been abandoned by its original author, but a new maintainer has stepped up to maintain a fork which you might want to manually install. If so, please uninstall \"OctoPrint-Display-ETA\" and then install \"OctoPrint-Display-ETA\" from the repository."}, {"date": "2020-06-15 09:45:00 +0000", "link": "https://github.com/OctoPrint/OctoPrint-CommandSplitter/releases/tag/0.2.2", "plugin": "commandsplitter", "text": "Version 0.2.2 of this plugin is available, but your version does not yet support updating automatically. Please re-install the plugin from the repository to update. More details can be found at the \"Read more...\" link below.", "versions": ["0.1.0", "0.2.0", "0.2.1"]}, {"date": "2020-09-14 08:45:00 +0000", "link": "https://github.com/OllisGit/OctoPrint-FilamentManager/releases/tag/1.6.0", "plugin": "filamentmanager", "pluginversions": ["<1.6.0"], "text": "Version 1.6.0 of this plugin is available from a new maintainer, but your version still looks for updates at the repository of the old maintainer. Please re-install the plugin from the repository to update, keeping your settings. The release notes of the version by the new maintainer can be found at the \"Read more...\" link below.", "versions": ["0.1.0", "0.1.1", "0.2.0", "0.2.1", "0.2.2", "0.3.0", "0.4.0", "0.4.1", "0.5.0", "0.5.1", "0.5.2", "0.5.3"]}, {"date": "2020-09-15 04:00:00 +0000", "link": "https://github.com/AliceGrey/OctoprintKlipperPlugin/releases/tag/0.3.1", "plugin": "klipper", "pluginversions": ["<0.3.1"], "text": "Version 0.3.1 of this plugin is available from a new maintainer, but your version still looks for updates at the repository of the old maintainer. Please re-install the plugin from the repository to update, keeping your settings. The release notes of the version by the new maintainer can be found at the \"Read more...\" link below.", "versions": ["0.1.5", "0.2.0", "0.2.1", "0.2.2", "0.2.3", "0.2.4", "0.2.5"]}, {"date": "2020-09-22 08:45:00 +0000", "link": "https://github.com/OllisGit/OctoPrint-CostEstimation/releases/tag/3.0.0", "plugin": "costestimation", "pluginversions": ["<3.0.0"], "text": "Version 3.0.0 of this plugin is available from a new maintainer, but your version still looks for updates at the repository of the old maintainer. Please re-install the plugin from the repository to update, keeping your settings. The release notes of the version by the new maintainer can be found at the \"Read more...\" link below.", "versions": ["0.3.0", "0.4.0", "1.0.0", "1.1.0", "2.0.0", "2.0.1", "2.1.0", "2.1.1", "2.1.2", "2.1.3"]}, {"date": "2020-09-23 15:15:00 +0000", "plugin": "ender3v2tempfix", "text": "Version 0.0.4 of this plugin is available, but due to a name change the automatic update needs a bit of extra help. Please uninstall the plugin and then just reinstall it from the plugin repository.", "versions": ["0.0.1", "0.0.2", "0.0.3"]}, {"date": "2020-09-27 18:00:00 +0000", "link": "https://github.com/ssorgatem/Octoprint-Filament-Reloaded/releases/tag/1.3.0", "plugin": "filamentreload", "pluginversions": ["<1.3.0"], "text": "Version 1.3.0 of this plugin is available from a new maintainer, but your version still looks for updates at the repository of the old maintainer. Please re-install the plugin from the repository to update, keeping your settings. The release notes of the version by the new maintainer can be found at the \"Read more...\" link below.", "versions": ["1.0.0", "1.1.0", "1.1.1", "1.2.0"]}, {"date": "2020-10-07 12:00:00 +0000", "link": "https://github.com/cp2004/OctoPrint-EEPROM-Marlin/releases/tag/2.0.0", "plugin": "eeprom_marlin", "pluginversions": ["<2.0.0"], "text": "Version 2.0.0 of this plugin is available from a new maintainer, but your version still looks for updates at the repository of the old maintainer. Please uninstall the old plugin from the plugin manager, then reinstall from the plugin repository to update it. The release notes of the version by the new maintainer can be found at the \"Read more...\" link below.", "versions": ["0.1.0", "1.0.0", "1.0.1", "1.0.2", "1.0.3", "1.0.4", "1.2", "1.2.1", "1.2.2"]}, {"date": "2020-10-19 12:00:00 +0000", "link": "https://github.com/AlexVerrico/octoprint-stats/releases/tag/3.0.0", "plugin": "stats", "pluginversions": ["<3.0.0"], "text": "Version 3.0.0 of this plugin is available from a new maintainer, but your version still looks for updates at the repository of the old maintainer. Please uninstall the old plugin from the plugin manager, then reinstall from the plugin repository to update it. The release notes of the version by the new maintainer can be found at the \"Read more...\" link below.", "versions": ["1.0.0", "2.0.0", "2.0.2"]}, {"date": "2020-10-31 12:00:00 +0000", "link": "https://github.com/Zinc-OS/continuousprint/releases/tag/1.0.4", "plugin": "continuousprint", "pluginversions": ["<1.0.4"], "text": "Version 1.0.4 of this plugin is available from a new maintainer, but your version still looks for updates at the repository of the old maintainer. Please uninstall the old plugin from the plugin manager, then reinstall from the plugin repository to update it. The release notes of the version by the new maintainer can be found at the \"Read more...\" link below.", "versions": ["1.0.0", "1.0.1", "1.0.2", "1.0.3"]}, {"date": "2020-12-02 15:00:00 +0000", "link": "https://github.com/Willmac16/OctoPrint-GcodeLeveling/issues/5", "octoversions": [">=1.5.0"], "plugin": "gcodeleveling", "pluginversions": ["<=0.1.1"], "text": "There are reports of this plugin somehow breaking extrusion on OctoPrint 1.5.0. It has since been blacklisted until the author can look into this. If it is still active on your instance, please disable it and restart to avoid this problem.", "versions": ["0.1.0", "0.1.1"]}, {"date": "2020-12-08 12:00:00 +0000", "link": "https://github.com/gdombiak/OctoPrint-M73ETAOverride/releases/tag/1.0.4", "plugin": "m73etaoverride", "pluginversions": ["<1.0.2"], "text": "Version 1.0.4 of this plugin is available from a new maintainer, but your version still looks for updates at the repository of the old maintainer. Please uninstall the old plugin from the plugin manager, then reinstall from the plugin repository to update it. The release notes of the version by the new maintainer can be found at the \"Read more...\" link below.", "versions": ["1.0.0", "1.0.1"]}, {"date": "2020-12-09 12:00:00 +0000", "link": "https://github.com/gruvin/OctoPrint-WebcamTab/releases/tag/0.2.0", "plugin": "webcamtab", "pluginversions": ["<0.2.0"], "text": "Version 0.2.0 of this plugin is available from a new maintainer, but your version still looks for updates at the repository of the old maintainer. Please uninstall the old plugin from the plugin manager, then reinstall from the plugin repository to update it. The release notes of the version by the new maintainer can be found at the \"Read more...\" link below.", "versions": ["0.1.0", "0.1.1", "0.1.2"]}, {"date": "2021-02-10 12:00:00 +0000", "link": "https://github.com/tkoecker/OctoPrint-Mmu2filamentselect/releases/tag/1.0.3", "plugin": "mmu2filamentselect", "pluginversions": ["<1.0.3"], "text": "Version 1.0.3 of this plugin is available from a new maintainer, but your version still looks for updates at the repository of the old maintainer. Please uninstall the old plugin from the plugin manager, then reinstall from the plugin repository to update it. The release notes of the version by the new maintainer can be found at the \"Read more...\" link below.", "versions": ["1.0.0", "1.0.1", "1.0.2"]}, {"date": "2021-02-27 17:00:00 +0000", "link": "https://github.com/mkevenaar/OctoPrint-Slack/releases/tag/0.2.4", "plugin": "slack", "pluginversions": ["<0.2.4"], "text": "Version 0.2.4 of this plugin is available from a new maintainer, but your version still looks for updates at the repository of the old maintainer. Please uninstall the old plugin from the plugin manager, then reinstall from the plugin repository to update it. The release notes of the version by the new maintainer can be found at the \"Read more...\" link below.", "versions": ["0.1", "0.2", "0.2.1", "0.2.2", "0.2.3"]}, {"date": "2021-07-29 15:39:26 +0000", "link": "https://github.com/OctoPrint/plugins.octoprint.org/issues/917", "plugin": "HeaterTimeout", "text": "This plugin has been abandoned by its maintainer and is looking for someone to adopt it. If you want to step in as the new maintainer please get in touch at the \"Read more...\" link below."}, {"date": "2021-02-25 14:24:57 +0000", "link": "https://github.com/OctoPrint/plugins.octoprint.org/issues/800", "plugin": "autocalibration", "text": "This plugin has been abandoned by its maintainer and is looking for someone to adopt it. If you want to step in as the new maintainer please get in touch at the \"Read more...\" link below."}, {"date": "2021-02-24 19:39:28 +0000", "link": "https://github.com/OctoPrint/plugins.octoprint.org/issues/796", "plugin": "filetypes", "text": "This plugin has been abandoned by its maintainer and is looking for someone to adopt it. If you want to step in as the new maintainer please get in touch at the \"Read more...\" link below."}, {"date": "2020-11-18 12:28:31 +0000", "link": "https://github.com/OctoPrint/plugins.octoprint.org/issues/687", "plugin": "filamentreload", "text": "This plugin has been abandoned by its maintainer and is looking for someone to adopt it. If you want to step in as the new maintainer please get in touch at the \"Read more...\" link below."}, {"date": "2021-07-25 23:34:43 +0000", "link": "https://github.com/OctoPrint/plugins.octoprint.org/issues/914", "plugin": "TemperatureFailsafe", "text": "This plugin has been abandoned by its maintainer and is looking for someone to adopt it. If you want to step in as the new maintainer please get in touch at the \"Read more...\" link below."}, {"date": "2021-07-29 15:39:29 +0000", "link": "https://github.com/OctoPrint/plugins.octoprint.org/issues/918", "plugin": "LEDStripControl", "text": "This plugin has been abandoned by its maintainer and is looking for someone to adopt it. If you want to step in as the new maintainer please get in touch at the \"Read more...\" link below."}, {"date": "2020-09-07 20:42:41 +0000", "link": "https://github.com/OctoPrint/plugins.octoprint.org/issues/608", "plugin": "cost", "text": "This plugin has been abandoned by its maintainer and is looking for someone to adopt it. If you want to step in as the new maintainer please get in touch at the \"Read more...\" link below."}, {"date": "2020-12-15 19:28:43 +0000", "link": "https://github.com/OctoPrint/plugins.octoprint.org/issues/711", "plugin": "active_filters", "text": "This plugin has been abandoned by its maintainer and is looking for someone to adopt it. If you want to step in as the new maintainer please get in touch at the \"Read more...\" link below."}, {"date": "2020-10-02 04:34:06 +0000", "link": "https://github.com/OctoPrint/plugins.octoprint.org/issues/646", "plugin": "automaticshutdown", "text": "This plugin has been abandoned by its maintainer and is looking for someone to adopt it. If you want to step in as the new maintainer please get in touch at the \"Read more...\" link below."}, {"date": "2020-09-21 10:13:51 +0000", "link": "https://github.com/OctoPrint/plugins.octoprint.org/issues/624", "plugin": "growl", "text": "This plugin has been abandoned by its maintainer and is looking for someone to adopt it. If you want to step in as the new maintainer please get in touch at the \"Read more...\" link below."}, {"date": "2021-07-30 16:26:54 +0000", "link": "https://github.com/OctoPrint/plugins.octoprint.org/issues/920", "plugin": "metadatapreprocessor", "text": "This plugin has been abandoned by its maintainer and is looking for someone to adopt it. If you want to step in as the new maintainer please get in touch at the \"Read more...\" link below."}, {"date": "2021-03-04 16:33:22 +0000", "link": "https://github.com/OctoPrint/plugins.octoprint.org/issues/807", "plugin": "webcamstreamer", "text": "This plugin has been abandoned by its maintainer and is looking for someone to adopt it. If you want to step in as the new maintainer please get in touch at the \"Read more...\" link below."}]