[{"key": "uicustomizer", "name": "UI Customizer", "url": "https://github.com/LazeMSS/OctoPrint-UICustomizer"}, {"key": "themeify", "name": "Themeify", "url": "https://github.com/birkbjo/OctoPrint-Themeify"}, {"key": "SpoolManager", "name": "SpoolManager Plugin", "url": "https://github.com/OllisGit/OctoPrint-SpoolManager"}, {"key": "octopod", "name": "OctoPod Plugin", "url": "https://github.com/gdombiak/OctoPrint-OctoPod"}, {"key": "marlin_flasher", "name": "Marlin Flasher", "url": "https://github.com/Renaud11232/Octoprint-Marlin-Flasher"}, {"key": "fullscreen", "name": "Fullscreen Plugin", "url": "https://github.com/BillyBlaze/OctoPrint-FullScreen"}, {"key": "firmwareupdater", "name": "Firmware Updater", "url": "https://github.com/OctoPrint/OctoPrint-FirmwareUpdater"}, {"key": "dashboard", "name": "Dashboard", "url": "https://github.com/j7126/OctoPrint-Dashboard"}, {"key": "cancelobject", "name": "Cancel Objects", "url": "https://github.com/paukstelis/OctoPrint-Cancelobject"}, {"key": "BLTouch", "name": "BLTouch Plugin", "url": "https://github.com/jneilliii/OctoPrint-Bltouch"}, {"key": "octolapse", "name": "Octolapse", "url": "https://github.com/FormerLurker/Octolapse"}, {"key": "eeprom_marlin", "name": "Marlin EEPROM Editor", "url": "https://github.com/cp2004/OctoPrint-EEPROM-Marlin."}, {"key": "DisplayLayerProgress", "name": "DisplayLayerProgress Plugin", "url": "https://github.com/OllisGit/OctoPrint-DisplayLayerProgress"}, {"key": "continuousprint", "name": "Continuous Print", "url": "https://github.com/Zinc-OS/continuousprint"}, {"key": "calibrationcompanion", "name": "Calibration-Companion", "url": "https://github.com/iFrostizz/OctoPrint-CalibrationCompanion"}, {"key": "bedlevelvisualizer", "name": "Bed Visualizer", "url": "https://github.com/jneilliii/OctoPrint-BedLevelVisualizer"}, {"key": "bedlevelingwizard", "name": "Bed Leveling Wizard", "url": "https://github.com/jneilliii/OctoPrint-BedLevelingWizard"}, {"key": "youtube_timelapse", "name": "Youtube Timelapse", "url": "https://github.com/ryanfox1985/OctoPrint-Youtube-Timelapse"}, {"key": "filamentmanager", "name": "Filament Manager", "url": "https://github.com/OllisGit/OctoPrint-FilamentManager"}]