{"version": "0.4.1", "settings_version": "0.4.0", "type": "camera", "profile": {"name": "Webcam - Default OctoPi 0.16.0", "description": "This profile should work for the default settings within OctoPi V0.16.0 for most locally attached USB or Raspberry Pi cameras.", "guid": "354def78-9eea-409a-ad23-ee966dfff4ba", "automatic_configuration": {"key_values": [{"name": "Webcam - Default OctoPi 0.16.0", "value": "webcam_octopi_0.16.0"}], "version": "1.0", "suppress_update_notification_version": false, "is_custom": true}, "enabled": true, "camera_type": "webcam", "on_before_snapshot_gcode": "", "gcode_camera_script": "", "on_after_snapshot_gcode": "", "on_print_start_script": "", "on_before_snapshot_script": "", "external_camera_snapshot_script": "", "on_after_snapshot_script": "", "on_before_render_script": "", "on_after_render_script": "", "on_print_end_script": "", "delay": 125, "timeout_ms": 5000, "snapshot_transpose": "", "webcam_settings": {"address": "http://localhost/jpeg/frame.jpg", "snapshot_request_template": "{camera_address}?", "stream_template": "/hls/stream.m3u8", "ignore_ssl_error": true, "server_type": "mjpg-streamer", "username": "", "password": "", "type": null, "use_custom_webcam_settings_page": true, "mjpg_streamer": {"name": "mjpg-streamer", "server_type": "mjpg-streamer", "controls": {}}, "stream_download": false}, "enable_custom_image_preferences": false, "apply_settings_before_print": true, "apply_settings_at_startup": true, "apply_settings_when_disabled": true}}